FlyerData[B2B_Discount_Percentage],FlyerData[B2B_Savings_Amount],FlyerData[Consumer_Discount_Percentage],FlyerData[Consumer_Savings_Amount],FlyerData[Deal_Badge],FlyerData[Deal_Rating],FlyerData[Price_Display],FlyerData[Savings_Display],FlyerData[Total_B2B_Savings],FlyerData[Avg_B2B_Discount],FlyerData[Avg_Savings_Per_Tire],FlyerData[Best_Deals_Count],FlyerData[Total_Items_Available],FlyerData[OnSale],FlyerData[Item],FlyerData[Model],FlyerData[SLP],FlyerData[Net],FlyerData[SalePrice],FlyerData[AvailableQuantity],FlyerData[Hot_Deals_Count],FlyerData[Brand_Logo_URL],FlyerData[Manufacturer],FlyerData[Size],FlyerData[StrippedSize],FlyerData[TypeDescription],FlyerData[IsWinterTire]
15,34,50,195,üíµ ON SALE,2,$197 (reg $231),Save $34 per tire!,34,15,34,0,1,Yes,15508770000,PureContact LS,392,231,197,1,0,https://1000logos.net/wp-content/uploads/2022/11/Continental-Logo.png,CONTINENTAL,235/50R18,2355018,Passenger,False
22,40,55,179,‚≠ê GOOD DEAL,3,$145 (reg $185),Save $40 per tire!,40,22,40,0,1,Yes,15572660000,ExtremeContact DWS06 PLUS,324,185,145,1,0,https://1000logos.net/wp-content/uploads/2022/11/Continental-Logo.png,CONTINENTAL,205/55ZR16,2055516,Passenger,False
-2,-4,0,-187,,1,$187,,-4,-2,-4,0,1,Yes,110140628,ADVAN SPORT A/S+,0,183,187,1,0,https://cdn.worldvectorlogo.com/logos/yokohama-logo.svg,Yokohama,215/45R18,2154518,Passenger,False
38,115,48,170,üí∞ GREAT DEAL,4,$188 (reg $303),Save $115 per tire!,115,38,115,1,1,Yes,34968,PREMIER LTX,358,303,188,1,0,https://michelinmedia.com/site/user/images/Michelin_Corporate_Logo___color.jpg,MICHELIN,235/70R16,2357016,Passenger,False
21,52,36,108,‚≠ê GOOD DEAL,3,$193 (reg $245),Save $52 per tire!,52,21,52,0,1,Yes,22058,PILOT SPORT A/S 4,301,245,193,1,0,https://michelinmedia.com/site/user/images/Michelin_Corporate_Logo___color.jpg,MICHELIN,225/50ZR18/XL,2255018,Passenger,False
27,74,47,177,‚≠ê GOOD DEAL,3,$198 (reg $272),Save $74 per tire!,74,27,74,0,1,Yes,2184973,AT51,375,272,198,1,0,https://upload.wikimedia.org/wikipedia/commons/thumb/6/67/Kumho_Tire_logo_%282023%29.svg/2560px-Kumho_Tire_logo_%282023%29.svg.png,KUMHO,LT265/70R16,2657016,ALL WEATHER LT,False
31,111,40,168,üí∞ GREAT DEAL,4,$250 (reg $361),Save $111 per tire!,111,31,111,1,1,Yes,42604,AGILIS CROSSCLIMATE,418,361,250,1,0,https://michelinmedia.com/site/user/images/Michelin_Corporate_Logo___color.jpg,MICHELIN,LT245/70R17/E,2457017,ALL WEATHER PASSENGER,False
21,102,0,-390,‚≠ê GOOD DEAL,3,$390 (reg $492),Save $102 per tire!,102,21,102,0,1,Yes,110116036,GEOLANDAR X-AT,0,492,390,1,0,https://cdn.worldvectorlogo.com/logos/yokohama-logo.svg,Yokohama,35X12.50R20,35125020,Passenger,False
16,63,32,152,üíµ ON SALE,2,$325 (reg $389),Save $63 per tire!,63,16,63,0,1,Yes,44488,PILOT SPORT A/S 4,477,389,325,1,0,https://michelinmedia.com/site/user/images/Michelin_Corporate_Logo___color.jpg,MICHELIN,275/35ZR19/XL,2753519,Passenger,False
18,42,37,114,üíµ ON SALE,2,$195 (reg $237),Save $42 per tire!,42,18,42,0,1,Yes,1015251,K120,309,237,195,1,0,https://upload.wikimedia.org/wikipedia/commons/thumb/c/cd/Hankook_Logo_2024.svg/2560px-Hankook_Logo_2024.svg.png,HANKOOK,255/35ZR18,2553518,Performance,False
27,84,52,247,‚≠ê GOOD DEAL,3,$231 (reg $315),Save $84 per tire!,84,27,84,0,1,Yes,1020540,K127,478,315,231,1,0,https://upload.wikimedia.org/wikipedia/commons/thumb/c/cd/Hankook_Logo_2024.svg/2560px-Hankook_Logo_2024.svg.png,HANKOOK,235/40ZR19Y,2354019,Passenger,False
34,136,50,263,üí∞ GREAT DEAL,4,$261 (reg $397),Save $136 per tire!,136,34,136,1,1,Yes,1022615,K127,524,397,261,1,0,https://upload.wikimedia.org/wikipedia/commons/thumb/c/cd/Hankook_Logo_2024.svg/2560px-Hankook_Logo_2024.svg.png,HANKOOK,265/35R19W XL,2653519,Performance,False
12,21,0,-163,üíµ ON SALE,2,$163 (reg $184),Save $21 per tire!,21,12,21,0,1,Yes,110132729,AVID ASCEND GT,0,184,163,1,0,https://cdn.worldvectorlogo.com/logos/yokohama-logo.svg,Yokohama,235/60R17,2356017,Passenger,False
27,55,47,131,‚≠ê GOOD DEAL,3,$146 (reg $201),Save $55 per tire!,55,27,55,0,1,Yes,2208343,AT51,278,201,146,1,0,https://upload.wikimedia.org/wikipedia/commons/thumb/6/67/Kumho_Tire_logo_%282023%29.svg/2560px-Kumho_Tire_logo_%282023%29.svg.png,KUMHO,245/70R16,2457016,ALL WEATHER LT,False
17,81,31,178,üíµ ON SALE,2,$400 (reg $480),Save $81 per tire!,81,17,81,0,1,Yes,00819,ALL TERRAIN TA KO2,578,480,400,1,0,https://upload.wikimedia.org/wikipedia/commons/a/ac/Logo_bfgoodrich.jpg,BFG,LT305/65R17/E,3056517,ALL WEATHER LT,False
33,87,44,143,üí∞ GREAT DEAL,4,$179 (reg $266),Save $87 per tire!,87,33,87,1,1,Yes,86885,G-FORCE COMP-2 A/S+,322,266,179,1,0,https://upload.wikimedia.org/wikipedia/commons/a/ac/Logo_bfgoodrich.jpg,BFG,235/50ZR18/XL,2355018,Passenger,False
9,20,40,139,,1,$207 (reg $228),Save $20 per tire!,20,9,20,0,1,Yes,1020207,RA33,346,228,207,1,0,https://upload.wikimedia.org/wikipedia/commons/thumb/c/cd/Hankook_Logo_2024.svg/2560px-Hankook_Logo_2024.svg.png,HANKOOK,235/55R19H,2355519,Passenger,False
6,18,38,177,,1,$285 (reg $304),Save $18 per tire!,18,6,18,0,1,Yes,1010505,H426,462,304,285,1,0,https://upload.wikimedia.org/wikipedia/commons/thumb/c/cd/Hankook_Logo_2024.svg/2560px-Hankook_Logo_2024.svg.png,HANKOOK,P255/50R20H,2555020,Passenger,False
22,28,41,69,‚≠ê GOOD DEAL,3,$98 (reg $126),Save $28 per tire!,28,22,28,0,1,Yes,1014436,W419,167,126,98,1,0,https://upload.wikimedia.org/wikipedia/commons/thumb/c/cd/Hankook_Logo_2024.svg/2560px-Hankook_Logo_2024.svg.png,HANKOOK,215/65R16  98T,215651698,Passenger - Winter,True
21,54,0,-203,‚≠ê GOOD DEAL,3,$203 (reg $257),Save $54 per tire!,54,21,54,0,1,Yes,110157001,GEOLANDAR X-CV,0,257,203,1,0,https://cdn.worldvectorlogo.com/logos/yokohama-logo.svg,Yokohama,255/55R18,2555518,Passenger,False
21,43,40,109,‚≠ê GOOD DEAL,3,$162 (reg $204),Save $43 per tire!,43,21,43,0,1,Yes,1017056,W320A,271,204,162,1,0,https://upload.wikimedia.org/wikipedia/commons/thumb/c/cd/Hankook_Logo_2024.svg/2560px-Hankook_Logo_2024.svg.png,HANKOOK,235/65R17 XL 108V,2356517108,Passenger - Winter,True
24,56,36,98,‚≠ê GOOD DEAL,3,$175 (reg $231),Save $56 per tire!,56,24,56,0,1,Yes,96620,PREMIER LTX,273,231,175,1,0,https://michelinmedia.com/site/user/images/Michelin_Corporate_Logo___color.jpg,MICHELIN,225/70R16,2257016,Passenger,False
17,46,30,96,üíµ ON SALE,2,$227 (reg $273),Save $46 per tire!,46,17,46,0,1,Yes,38379,PREMIER A/S (V/H),323,273,227,1,0,https://michelinmedia.com/site/user/images/Michelin_Corporate_Logo___color.jpg,MICHELIN,245/45R19,2454519,Passenger,False
33,624,63,2093,üí∞ GREAT DEAL,4,"$1,246 (reg $1,870)",Save $624 per tire!,624,33,624,1,1,Yes,K905242,R-1W,3339,1870,1246,1,0,https://www.atvstore.com.au/assets/webshop/cms/06/5406.png?1649739533,FORERUNNER,520/85R42 (20.8R42) TL,5208542(20842),Farm Tires,False
17,36,63,304,üíµ ON SALE,2,$177 (reg $213),Save $36 per tire!,36,17,36,0,1,Yes,1015275,RA33,481,213,177,1,0,https://upload.wikimedia.org/wikipedia/commons/thumb/c/cd/Hankook_Logo_2024.svg/2560px-Hankook_Logo_2024.svg.png,HANKOOK,245/50R20 102V 4PR,24550201024,Light Truck,False
21,38,0,-140,‚≠ê GOOD DEAL,3,$140 (reg $178),Save $38 per tire!,38,21,38,0,1,Yes,110140614,ADVAN SPORT A/S+,0,178,140,1,0,https://cdn.worldvectorlogo.com/logos/yokohama-logo.svg,Yokohama,215/45R17,2154517,Passenger,False
12,25,24,59,üíµ ON SALE,2,$188 (reg $213),Save $25 per tire!,25,12,25,0,1,Yes,18563,Tiger Paw Touring A/S,247,213,188,1,0,https://lirp.cdn-website.com/f295dd4f/dms3rep/multi/opt/Uniroyal_Logo-640w.png,UNIROYAL,255/60R18,2556018,Passenger,False
0,0,31,98,,1,$218,,0,0,0,0,1,Yes,2020473,LD01,316,218,218,1,0,,Laufenn,LT245/75R17,2457517,Light Truck,False
12,24,24,56,üíµ ON SALE,2,$177 (reg $201),Save $24 per tire!,24,12,24,0,1,Yes,68386,LAREDO CROSS COUNTRY TOURING,233,201,177,1,0,https://lirp.cdn-website.com/f295dd4f/dms3rep/multi/opt/Uniroyal_Logo-640w.png,UNIROYAL,265/70R16,2657016,Passenger,False
6,15,0,-220,,1,$220 (reg $236),Save $15 per tire!,15,6,15,0,1,Yes,110140653,ADVAN SPORT A/S+,0,236,220,1,0,https://cdn.worldvectorlogo.com/logos/yokohama-logo.svg,Yokohama,245/45R19,2454519,Passenger,False
23,53,49,173,‚≠ê GOOD DEAL,3,$179 (reg $232),Save $53 per tire!,53,23,53,0,1,Yes,1015053,RA33,352,232,179,1,0,https://upload.wikimedia.org/wikipedia/commons/thumb/c/cd/Hankook_Logo_2024.svg/2560px-Hankook_Logo_2024.svg.png,HANKOOK,235/55R19V,2355519,Passenger,False
27,144,40,267,‚≠ê GOOD DEAL,3,$394 (reg $539),Save $144 per tire!,144,27,144,0,1,Yes,26959,PRIMACY 3 ZP (Z),661,539,394,1,0,https://michelinmedia.com/site/user/images/Michelin_Corporate_Logo___color.jpg,MICHELIN,245/40R19/XL,2454019,Passenger,False
0,0,0,-156,,1,$156,Save $0 per tire!,0,0,0,0,1,Yes,110132716,AVID ASCEND GT,0,157,156,1,0,https://cdn.worldvectorlogo.com/logos/yokohama-logo.svg,Yokohama,215/60R16,2156016,Passenger,False
2,7,18,60,,1,$280 (reg $288),Save $7 per tire!,7,2,7,0,1,Yes,77474,ADVANTAGE T/A SPORT LT,340,288,280,1,0,https://upload.wikimedia.org/wikipedia/commons/a/ac/Logo_bfgoodrich.jpg,BFG,245/55R19,2455519,ALL WEATHER PASSENGER,False
32,128,42,202,üí∞ GREAT DEAL,4,$277 (reg $405),Save $128 per tire!,128,32,128,1,1,Yes,17591,PREMIER LTX,479,405,277,1,0,https://michelinmedia.com/site/user/images/Michelin_Corporate_Logo___color.jpg,MICHELIN,265/40R22/XL,2654022,Passenger,False
33,189,46,318,üí∞ GREAT DEAL,4,$377 (reg $566),Save $189 per tire!,758,33,189,1,1,Yes,87416,PILOT SPORT 3,695,566,377,4,0,https://michelinmedia.com/site/user/images/Michelin_Corporate_Logo___color.jpg,MICHELIN,245/35R20/XL,2453520,Performance,False
4,11,0,-285,,1,$285 (reg $295),Save $11 per tire!,42,4,11,0,1,Yes,110140669,ADVAN SPORT A/S+,0,295,285,4,0,https://cdn.worldvectorlogo.com/logos/yokohama-logo.svg,Yokohama,275/35R20,2753520,Passenger,False
-1,-2,0,-298,,1,$298,,-9,-1,-2,0,1,Yes,110140658,ADVAN SPORT A/S+,0,295,298,4,0,https://cdn.worldvectorlogo.com/logos/yokohama-logo.svg,Yokohama,275/35R19,2753519,Passenger,False
10,35,24,97,üíµ ON SALE,2,$308 (reg $343),Save $35 per tire!,139,10,35,0,1,Yes,45965,CROSSCLIMATE SUV HV,405,343,308,4,0,https://michelinmedia.com/site/user/images/Michelin_Corporate_Logo___color.jpg,MICHELIN,265/50R19/XL,2655019,ALL WEATHER PASSENGER,False
33,144,45,243,üí∞ GREAT DEAL,4,$294 (reg $438),Save $144 per tire!,574,33,144,1,1,Yes,61143,LTX A/T 2,537,438,294,4,0,https://michelinmedia.com/site/user/images/Michelin_Corporate_Logo___color.jpg,MICHELIN,LT285/70R17/E,2857017,Light Truck,False
28,127,0,-335,‚≠ê GOOD DEAL,3,$335 (reg $462),Save $127 per tire!,509,28,127,0,1,Yes,110116035,GEOLANDAR X-AT,0,462,335,4,0,https://cdn.worldvectorlogo.com/logos/yokohama-logo.svg,Yokohama,33X12.50R20,33125020,Passenger,False
37,51,0,-88,üí∞ GREAT DEAL,4,$88 (reg $140),Save $51 per tire!,205,37,51,1,1,Yes,X45395,RTX Steel Wheel Grey,0,140,88,4,0,https://rtxwheels.com/cdn/shop/files/logo.png?height=628&pad_color=ffffff&v=1680068013&width=1200,RTX,16x7 5x135,1675135,Wheels - Steel,False
18,64,42,207,üíµ ON SALE,2,$282 (reg $346),Save $64 per tire!,255,18,64,0,1,Yes,2262543,MT71,489,346,282,4,0,https://upload.wikimedia.org/wikipedia/commons/thumb/6/67/Kumho_Tire_logo_%282023%29.svg/2560px-Kumho_Tire_logo_%282023%29.svg.png,KUMHO,LT35X12.50R18,35125018,Light Truck,False
16,63,31,154,üíµ ON SALE,2,$340 (reg $403),Save $63 per tire!,252,16,63,0,1,Yes,53738,PRIMACY MXM4,494,403,340,4,0,https://michelinmedia.com/site/user/images/Michelin_Corporate_Logo___color.jpg,MICHELIN,245/50R18,2455018,Passenger,False
18,35,53,183,üíµ ON SALE,2,$162 (reg $197),Save $35 per tire!,138,18,35,0,1,Yes,15571320000,CrossContact LX25,345,197,162,4,0,https://1000logos.net/wp-content/uploads/2022/11/Continental-Logo.png,CONTINENTAL,225/55R17,2255517,Passenger,False
13,31,0,-203,üíµ ON SALE,2,$203 (reg $234),Save $31 per tire!,125,13,31,0,1,Yes,110101625,Geolandar A/T G015,0,234,203,4,0,https://cdn.worldvectorlogo.com/logos/yokohama-logo.svg,Yokohama,31X10.50R15,31105015,ALL WEATHER PASSENGER,False
30,98,41,157,üí∞ GREAT DEAL,4,$228 (reg $326),Save $98 per tire!,391,30,98,1,1,Yes,86518,PREMIER LTX,385,326,228,4,0,https://michelinmedia.com/site/user/images/Michelin_Corporate_Logo___color.jpg,MICHELIN,265/65R17,2656517,Passenger,False
15,109,52,681,üíµ ON SALE,2,$620 (reg $729),Save $109 per tire!,435,15,109,0,1,Yes,K711201,QH601,1301,729,620,4,0,https://www.atvstore.com.au/assets/webshop/cms/06/5406.png?1649739533,FORERUNNER,16.9-24,16924,O.T.R.,False
27,168,40,310,‚≠ê GOOD DEAL,3,$459 (reg $627),Save $168 per tire!,671,27,168,0,1,Yes,25771,LATITUDE SPORT 3 ZP,769,627,459,4,0,https://michelinmedia.com/site/user/images/Michelin_Corporate_Logo___color.jpg,MICHELIN,245/45R20/XL,2454520,Passenger,False
47,81,65,175,üî• HUGE SAVINGS,5,$93 (reg $174),Save $81 per tire!,326,47,81,1,1,Yes,082195,SILVER FROST,268,174,93,4,1,https://rtxwheels.com/cdn/shop/files/logo.png?height=628&pad_color=ffffff&v=1680068013&width=1200,RTX,17x7 5on100 35P CB54.1,177510035541,Wheels - Alloy/Aluminum,False
19,104,34,227,üíµ ON SALE,2,$440 (reg $544),Save $104 per tire!,414,19,104,0,1,Yes,08033,LATITUDE SPORT 3,667,544,440,4,0,https://michelinmedia.com/site/user/images/Michelin_Corporate_Logo___color.jpg,MICHELIN,275/40R20/XL,2754020,Passenger,False
14,52,30,137,üíµ ON SALE,2,$323 (reg $375),Save $52 per tire!,208,14,52,0,1,Yes,09597,LATITUDE TOUR HP,460,375,323,4,0,https://michelinmedia.com/site/user/images/Michelin_Corporate_Logo___color.jpg,MICHELIN,255/55R18/XL,2555518,Passenger,False
9,39,40,255,,1,$384 (reg $423),Save $39 per tire!,155,9,39,0,1,Yes,2021393,RC10,639,423,384,4,0,https://upload.wikimedia.org/wikipedia/commons/thumb/c/cd/Hankook_Logo_2024.svg/2560px-Hankook_Logo_2024.svg.png,HANKOOK,LT305/55R20,3055520,ALL WEATHER LT,False
16,22,52,132,üíµ ON SALE,2,$122 (reg $145),Save $22 per tire!,90,16,22,0,1,Yes,15481540000,ContiProContact,254,145,122,4,0,https://1000logos.net/wp-content/uploads/2022/11/Continental-Logo.png,CONTINENTAL,P195/55R16,1955516,Performance,False
3,9,43,182,,1,$242 (reg $250),Save $9 per tire!,34,3,9,0,1,Yes,15508820000,PureContact LS,424,250,242,4,0,https://1000logos.net/wp-content/uploads/2022/11/Continental-Logo.png,CONTINENTAL,245/45R18,2454518,Passenger,False
12,29,50,219,üíµ ON SALE,2,$223 (reg $252),Save $29 per tire!,118,12,29,0,1,Yes,03592230000,CrossContact RX,442,252,223,4,0,https://1000logos.net/wp-content/uploads/2022/11/Continental-Logo.png,CONTINENTAL,235/65R17,2356517,Passenger,False
6,21,24,95,,1,$306 (reg $327),Save $21 per tire!,82,6,21,0,1,Yes,12040,PILOT SPORT A/S 4,401,327,306,4,0,https://michelinmedia.com/site/user/images/Michelin_Corporate_Logo___color.jpg,MICHELIN,255/35ZR20/XL,2553520,Passenger,False
9,23,40,156,,1,$232 (reg $255),Save $23 per tire!,94,9,23,0,1,Yes,1015152,H452B,388,255,232,4,0,https://upload.wikimedia.org/wikipedia/commons/thumb/c/cd/Hankook_Logo_2024.svg/2560px-Hankook_Logo_2024.svg.png,HANKOOK,245/45R18H,2454518,Passenger,False
11,38,28,116,üíµ ON SALE,2,$303 (reg $341),Save $38 per tire!,153,11,38,0,1,Yes,11860,PRIMACY MXM4,419,341,303,4,0,https://michelinmedia.com/site/user/images/Michelin_Corporate_Logo___color.jpg,MICHELIN,225/50R17,2255017,Passenger,False
21,126,34,232,‚≠ê GOOD DEAL,3,$461 (reg $586),Save $126 per tire!,503,21,126,0,1,Yes,31007,CROSSCLIMATE2 A/W CUV,693,586,461,4,0,https://michelinmedia.com/site/user/images/Michelin_Corporate_Logo___color.jpg,MICHELIN,245/45R21/XL,2454521,ALL WEATHER PASSENGER,False
13,51,50,350,üíµ ON SALE,2,$345 (reg $396),Save $51 per tire!,206,13,51,0,1,Yes,03580470000,ProContact RX,695,396,345,4,0,https://1000logos.net/wp-content/uploads/2022/11/Continental-Logo.png,CONTINENTAL,275/35R19,2753519,Passenger,False
9,24,0,-237,,1,$237 (reg $261),Save $24 per tire!,95,9,24,0,1,Yes,110170164,ADVAN FLEVA,0,261,237,4,0,https://cdn.worldvectorlogo.com/logos/yokohama-logo.svg,Yokohama,225/35R19,2253519,Performance,False
11,25,49,205,üíµ ON SALE,2,$213 (reg $238),Save $25 per tire!,101,11,25,0,1,Yes,15573000000,ExtremeContact DWS06 PLUS,418,238,213,4,0,https://1000logos.net/wp-content/uploads/2022/11/Continental-Logo.png,CONTINENTAL,245/40ZR18,2454018,Passenger,False
4,11,0,-270,,1,$270 (reg $281),Save $11 per tire!,43,4,11,0,1,Yes,110140651,ADVAN SPORT A/S+,0,281,270,4,0,https://cdn.worldvectorlogo.com/logos/yokohama-logo.svg,Yokohama,245/35R19,2453519,Passenger,False
1,1,0,-185,,1,$185 (reg $186),Save $1 per tire!,4,1,1,0,1,Yes,110140620,ADVAN SPORT A/S+,0,186,185,4,0,https://cdn.worldvectorlogo.com/logos/yokohama-logo.svg,Yokohama,235/45R17,2354517,Passenger,False
9,25,0,-261,,1,$261 (reg $286),Save $25 per tire!,51,9,25,0,1,Yes,110116002,GEOLANDAR X-AT,0,286,261,2,0,https://cdn.worldvectorlogo.com/logos/yokohama-logo.svg,Yokohama,LT265/75R16,2657516,Light Truck,False
21,67,36,138,‚≠ê GOOD DEAL,3,$248 (reg $315),Save $67 per tire!,134,21,67,0,1,Yes,09923,PRIMACY LTX,386,315,248,2,0,https://michelinmedia.com/site/user/images/Michelin_Corporate_Logo___color.jpg,MICHELIN,265/65R17,2656517,Passenger,False
16,41,52,238,üíµ ON SALE,2,$222 (reg $262),Save $41 per tire!,82,16,41,0,1,Yes,15494430000,ContiProContact,460,262,222,2,0,https://1000logos.net/wp-content/uploads/2022/11/Continental-Logo.png,CONTINENTAL,235/50R18,2355018,Performance,False
4,13,17,60,,1,$281 (reg $295),Save $13 per tire!,26,4,13,0,1,Yes,19460,CROSSCLIMATE2 A/W,341,295,281,2,0,https://michelinmedia.com/site/user/images/Michelin_Corporate_Logo___color.jpg,MICHELIN,235/55R18,2355518,ALL WEATHER PASSENGER,False
24,143,38,279,‚≠ê GOOD DEAL,3,$458 (reg $601),Save $143 per tire!,286,24,143,0,1,Yes,02987,PILOT SPORT 4 S,737,601,458,2,0,https://michelinmedia.com/site/user/images/Michelin_Corporate_Logo___color.jpg,MICHELIN,265/40ZR21/XL,2654021,Performance,False
17,78,32,186,üíµ ON SALE,2,$396 (reg $474),Save $78 per tire!,157,17,78,0,1,Yes,14056,PILOT SPORT 4 S (ZP),582,474,396,2,0,https://michelinmedia.com/site/user/images/Michelin_Corporate_Logo___color.jpg,MICHELIN,225/35ZR20/XL,2253520,Performance,False
-2,-4,0,-209,,1,$209,,-9,-2,-4,0,1,Yes,110140634,ADVAN SPORT A/S+,0,205,209,2,0,https://cdn.worldvectorlogo.com/logos/yokohama-logo.svg,Yokohama,235/50R18,2355018,Passenger,False
20,30,42,86,‚≠ê GOOD DEAL,3,$118 (reg $148),Save $30 per tire!,59,20,30,0,1,Yes,2169693,TA71,204,148,118,2,0,https://upload.wikimedia.org/wikipedia/commons/thumb/6/67/Kumho_Tire_logo_%282023%29.svg/2560px-Kumho_Tire_logo_%282023%29.svg.png,KUMHO,235/45ZR17,2354517,Passenger,False
2,8,31,162,,1,$365 (reg $372),Save $8 per tire!,15,2,8,0,1,Yes,2290053,AT52,526,372,365,2,0,https://upload.wikimedia.org/wikipedia/commons/thumb/6/67/Kumho_Tire_logo_%282023%29.svg/2560px-Kumho_Tire_logo_%282023%29.svg.png,KUMHO,LT285/55R20,2855520,ALL WEATHER LT,False
12,27,24,63,üíµ ON SALE,2,$201 (reg $227),Save $27 per tire!,53,12,27,0,1,Yes,77050,TIGER PAW GTZ A/S 2,264,227,201,2,0,https://lirp.cdn-website.com/f295dd4f/dms3rep/multi/opt/Uniroyal_Logo-640w.png,UNIROYAL,265/35ZR18,2653518,Passenger,False
10,22,24,60,üíµ ON SALE,2,$191 (reg $212),Save $22 per tire!,43,10,22,0,1,Yes,11711,DEFENDER (H),251,212,191,2,0,https://michelinmedia.com/site/user/images/Michelin_Corporate_Logo___color.jpg,MICHELIN,215/55R17,2155517,Passenger,False
34,69,50,133,üí∞ GREAT DEAL,4,$133 (reg $202),Save $69 per tire!,138,34,69,1,1,Yes,1013195,K115B,266,202,133,2,0,https://upload.wikimedia.org/wikipedia/commons/thumb/c/cd/Hankook_Logo_2024.svg/2560px-Hankook_Logo_2024.svg.png,HANKOOK,195/55R16W,1955516,Performance,False
20,64,47,230,‚≠ê GOOD DEAL,3,$254 (reg $319),Save $64 per tire!,128,20,64,0,1,Yes,1020731,K117B,484,319,254,2,0,https://upload.wikimedia.org/wikipedia/commons/thumb/c/cd/Hankook_Logo_2024.svg/2560px-Hankook_Logo_2024.svg.png,HANKOOK,225/45R18W,2254518,Passenger,False
13,24,0,-156,üíµ ON SALE,2,$156 (reg $181),Save $24 per tire!,48,13,24,0,1,Yes,110132828,AVID ASCEND LX,0,181,156,2,0,https://cdn.worldvectorlogo.com/logos/yokohama-logo.svg,Yokohama,225/60R17,2256017,Passenger,False
16,55,28,109,üíµ ON SALE,2,$284 (reg $340),Save $55 per tire!,111,16,55,0,1,Yes,09723,AGILIS CROSSCLIMATE,393,340,284,2,0,https://michelinmedia.com/site/user/images/Michelin_Corporate_Logo___color.jpg,MICHELIN,LT235/80R17/E,2358017,ALL WEATHER PASSENGER,False
30,193,43,340,üí∞ GREAT DEAL,4,$452 (reg $645),Save $193 per tire!,387,30,193,1,1,Yes,88610,LATITUDE SPORT 3,792,645,452,2,0,https://michelinmedia.com/site/user/images/Michelin_Corporate_Logo___color.jpg,MICHELIN,265/40R21,2654021,Passenger,False
-1,-2,34,119,,1,$236,,-4,-1,-2,0,1,Yes,2021541,RW11,355,234,236,2,0,https://upload.wikimedia.org/wikipedia/commons/thumb/c/cd/Hankook_Logo_2024.svg/2560px-Hankook_Logo_2024.svg.png,HANKOOK,LT245/75R17,2457517,Light Truck - Winter,True
14,31,27,72,üíµ ON SALE,2,$192 (reg $223),Save $31 per tire!,62,14,31,0,1,Yes,13341,Advantage Control,264,223,192,2,0,https://upload.wikimedia.org/wikipedia/commons/a/ac/Logo_bfgoodrich.jpg,BFG,225/50R17,2255017,Passenger,False
12,23,42,117,üíµ ON SALE,2,$161 (reg $184),Save $23 per tire!,45,12,23,0,1,Yes,1023448,RF11,278,184,161,2,0,https://upload.wikimedia.org/wikipedia/commons/thumb/c/cd/Hankook_Logo_2024.svg/2560px-Hankook_Logo_2024.svg.png,HANKOOK,255/70R16T,2557016,ALL WEATHER LT,False
13,28,43,139,üíµ ON SALE,2,$187 (reg $216),Save $28 per tire!,57,13,28,0,1,Yes,28037017,WildPeak A/T AT3W,327,216,187,2,0,https://upload.wikimedia.org/wikipedia/commons/1/1d/Falken_Tire_logo.svg,FALKEN,LT215/85R16,2158516,ALL WEATHER LT,True
6,17,0,-282,,1,$282 (reg $299),Save $17 per tire!,33,6,17,0,1,Yes,110140663,ADVAN SPORT A/S+,0,299,282,2,0,https://cdn.worldvectorlogo.com/logos/yokohama-logo.svg,Yokohama,245/40R20,2454020,Passenger,False
14,49,50,285,üíµ ON SALE,2,$290 (reg $338),Save $49 per tire!,97,14,49,0,1,Yes,15494340000,ProContact GX,575,338,290,2,0,https://1000logos.net/wp-content/uploads/2022/11/Continental-Logo.png,CONTINENTAL,245/40R18,2454018,Passenger,False
20,27,33,51,‚≠ê GOOD DEAL,3,$106 (reg $133),Save $27 per tire!,54,20,27,0,1,Yes,06015,Advantage Control,157,133,106,2,0,https://upload.wikimedia.org/wikipedia/commons/a/ac/Logo_bfgoodrich.jpg,BFG,185/65R14,1856514,Passenger,False
10,18,49,158,üíµ ON SALE,2,$167 (reg $185),Save $18 per tire!,36,10,18,0,1,Yes,15572720000,ExtremeContact DWS06 PLUS,325,185,167,2,0,https://1000logos.net/wp-content/uploads/2022/11/Continental-Logo.png,CONTINENTAL,215/55ZR17,2155517,Passenger,False
9,18,23,56,,1,$190 (reg $208),Save $18 per tire!,36,9,18,0,1,Yes,98162,Advantage Control,246,208,190,2,0,https://upload.wikimedia.org/wikipedia/commons/a/ac/Logo_bfgoodrich.jpg,BFG,225/55R17/XL,2255517,Passenger,False
18,41,0,-194,üíµ ON SALE,2,$194 (reg $235),Save $41 per tire!,82,18,41,0,1,Yes,110105664,GEOLANDAR H/T G056,0,235,194,2,0,https://cdn.worldvectorlogo.com/logos/yokohama-logo.svg,Yokohama,LT245/70R17,2457017,Light Truck,False
16,30,52,178,üíµ ON SALE,2,$165 (reg $196),Save $30 per tire!,61,16,30,0,1,Yes,03575230000,ProContact TX,343,196,165,2,0,https://1000logos.net/wp-content/uploads/2022/11/Continental-Logo.png,CONTINENTAL,225/45R17,2254517,Passenger,False
26,62,36,100,‚≠ê GOOD DEAL,3,$176 (reg $238),Save $62 per tire!,124,26,62,0,1,Yes,69680,TIGER PAW GTZ A/S 2,276,238,176,2,0,https://lirp.cdn-website.com/f295dd4f/dms3rep/multi/opt/Uniroyal_Logo-640w.png,UNIROYAL,245/45ZR19/XL,2454519,Passenger,False
18,24,43,81,üíµ ON SALE,2,$109 (reg $133),Save $24 per tire!,72,18,24,0,1,Yes,28621876,SINCERA SN201 A/S,190,133,109,3,0,https://upload.wikimedia.org/wikipedia/commons/1/1d/Falken_Tire_logo.svg,FALKEN,205/65R16,2056516,Passenger,False
19,22,30,40,üíµ ON SALE,2,$93 (reg $115),Save $22 per tire!,65,19,22,0,1,Yes,35584,Tiger Paw Touring A/S,133,115,93,3,0,https://lirp.cdn-website.com/f295dd4f/dms3rep/multi/opt/Uniroyal_Logo-640w.png,UNIROYAL,175/65R14,1756514,Passenger,False
13,33,50,226,üíµ ON SALE,2,$223 (reg $256),Save $33 per tire!,100,13,33,0,1,Yes,15500960000,CrossContact LX Sport,449,256,223,3,0,https://1000logos.net/wp-content/uploads/2022/11/Continental-Logo.png,CONTINENTAL,245/60R18,2456018,Passenger,False
12,21,50,160,üíµ ON SALE,2,$162 (reg $184),Save $21 per tire!,64,12,21,0,1,Yes,15508230000,PureContact LS,322,184,162,3,0,https://1000logos.net/wp-content/uploads/2022/11/Continental-Logo.png,CONTINENTAL,225/45R17,2254517,Passenger,False
18,60,34,133,üíµ ON SALE,2,$264 (reg $324),Save $60 per tire!,180,18,60,0,1,Yes,54329,LATITUDE TOUR HP,397,324,264,3,0,https://michelinmedia.com/site/user/images/Michelin_Corporate_Logo___color.jpg,MICHELIN,235/60R18/XL,2356018,Passenger,False
20,41,50,165,‚≠ê GOOD DEAL,3,$164 (reg $205),Save $41 per tire!,82,20,41,0,1,Yes,8.1208.9642,SKS 532,329,205,164,2,0,,CAMSO,27 X 8.50 - 15 NHS,2785015,O.T.R.,False
13,47,50,318,üíµ ON SALE,2,$313 (reg $360),Save $47 per tire!,140,13,47,0,1,Yes,03546680000,4x4Contact,631,360,313,3,0,https://1000logos.net/wp-content/uploads/2022/11/Continental-Logo.png,CONTINENTAL,255/50R19,2555019,Passenger,False
3,5,43,115,,1,$153 (reg $158),Save $5 per tire!,16,3,5,0,1,Yes,15508120000,PureContact LS,268,158,153,3,0,https://1000logos.net/wp-content/uploads/2022/11/Continental-Logo.png,CONTINENTAL,205/60R16,2056016,Passenger,False
13,50,43,246,üíµ ON SALE,2,$330 (reg $380),Save $50 per tire!,149,13,50,0,1,Yes,28037113,WildPeak A/T AT3W,576,380,330,3,0,https://upload.wikimedia.org/wikipedia/commons/1/1d/Falken_Tire_logo.svg,FALKEN,35X12.50R17LT,35125017,ALL WEATHER LT,True
29,93,39,142,‚≠ê GOOD DEAL,3,$223 (reg $315),Save $93 per tire!,278,29,93,0,1,Yes,65681,AGILIS CROSSCLIMATE,365,315,223,3,0,https://michelinmedia.com/site/user/images/Michelin_Corporate_Logo___color.jpg,MICHELIN,LT235/85R16/E,2358516,ALL WEATHER PASSENGER,False
20,21,43,67,‚≠ê GOOD DEAL,3,$88 (reg $109),Save $21 per tire!,64,20,21,0,1,Yes,5007943,131,154,109,88,3,0,https://upload.wikimedia.org/wikipedia/commons/thumb/6/67/Kumho_Tire_logo_%282023%29.svg/2560px-Kumho_Tire_logo_%282023%29.svg.png,KUMHO,T135/80D17,1358017,Passenger,False
5,11,0,-235,,1,$235 (reg $247),Save $11 per tire!,34,5,11,0,1,Yes,110140635,ADVAN SPORT A/S+,0,247,235,3,0,https://cdn.worldvectorlogo.com/logos/yokohama-logo.svg,Yokohama,245/35R18,2453518,Passenger,False
10,32,41,201,üíµ ON SALE,2,$295 (reg $327),Save $32 per tire!,95,10,32,0,1,Yes,1019630,K127B,496,327,295,3,0,https://upload.wikimedia.org/wikipedia/commons/thumb/c/cd/Hankook_Logo_2024.svg/2560px-Hankook_Logo_2024.svg.png,HANKOOK,225/45R18Y,2254518,Passenger,False
20,27,43,84,‚≠ê GOOD DEAL,3,$110 (reg $137),Save $27 per tire!,81,20,27,0,1,Yes,2158963,131,194,137,110,3,0,https://upload.wikimedia.org/wikipedia/commons/thumb/6/67/Kumho_Tire_logo_%282023%29.svg/2560px-Kumho_Tire_logo_%282023%29.svg.png,KUMHO,T135/70R19,1357019,Passenger,False
17,52,38,149,üíµ ON SALE,2,$246 (reg $298),Save $52 per tire!,155,17,52,0,1,Yes,1017437,W320A,395,298,246,3,0,https://upload.wikimedia.org/wikipedia/commons/thumb/c/cd/Hankook_Logo_2024.svg/2560px-Hankook_Logo_2024.svg.png,HANKOOK,245/50R20 102V,2455020102,Passenger - Winter,True
47,82,65,175,üî• HUGE SAVINGS,5,$93 (reg $174),Save $82 per tire!,245,47,82,1,1,Yes,082589,Frost,268,174,93,3,1,https://rtxwheels.com/cdn/shop/files/logo.png?height=628&pad_color=ffffff&v=1680068013&width=1200,RTX,17x7 5x110 offset:35 cb65.1,1775110:35651,Wheels - Alloy/Aluminum,False
17,26,52,138,üíµ ON SALE,2,$128 (reg $154),Save $26 per tire!,77,17,26,0,1,Yes,03452400000,VikingContact 7,266,154,128,3,0,https://1000logos.net/wp-content/uploads/2022/11/Continental-Logo.png,CONTINENTAL,215/60R16,2156016,Passenger - Winter,True
25,109,0,-325,‚≠ê GOOD DEAL,3,$325 (reg $434),Save $109 per tire!,326,25,109,0,1,Yes,110116032,GEOLANDAR X-AT,0,434,325,3,0,https://cdn.worldvectorlogo.com/logos/yokohama-logo.svg,Yokohama,LT285/55R20,2855520,Light Truck,False
36,257,48,419,üí∞ GREAT DEAL,4,$454 (reg $711),Save $257 per tire!,771,36,257,1,1,Yes,69212,PILOT SPORT 3,873,711,454,3,0,https://michelinmedia.com/site/user/images/Michelin_Corporate_Logo___color.jpg,MICHELIN,275/30R20/XL,2753020,Performance,False
10,39,24,108,üíµ ON SALE,2,$341 (reg $380),Save $39 per tire!,116,10,39,0,1,Yes,70524,PREMIER LTX,449,380,341,3,0,https://michelinmedia.com/site/user/images/Michelin_Corporate_Logo___color.jpg,MICHELIN,255/50R19/XL,2555019,Passenger,False
17,106,29,223,üíµ ON SALE,2,$536 (reg $642),Save $106 per tire!,319,17,106,0,1,Yes,50645,LATITUDE SPORT 3 ZP,759,642,536,3,0,https://michelinmedia.com/site/user/images/Michelin_Corporate_Logo___color.jpg,MICHELIN,275/50R20/XL,2755020,Passenger,False
47,82,65,175,üî• HUGE SAVINGS,5,$93 (reg $174),Save $82 per tire!,245,47,82,1,1,Yes,082196,Frost,268,174,93,3,1,https://rtxwheels.com/cdn/shop/files/logo.png?height=628&pad_color=ffffff&v=1680068013&width=1200,RTX,17x7 5x105 offset:35 cb56.6,1775105:35566,Wheels - Alloy/Aluminum,False
58,4224,75,9040,üî• HUGE SAVINGS,5,"$3,000 (reg $7,224)","Save $4,224 per tire!",12671,58,4224,1,1,Yes,B109604,GCA8,12040,7224,3000,3,1,https://be.fitandfix.com/media/brands/1681305666170.png,BOTO,35/65R33 **,356533,O.T.R.,False
12,22,24,52,üíµ ON SALE,2,$164 (reg $186),Save $22 per tire!,65,12,22,0,1,Yes,42459,LAREDO CRS CTRY TOUR,216,186,164,3,0,https://lirp.cdn-website.com/f295dd4f/dms3rep/multi/opt/Uniroyal_Logo-640w.png,UNIROYAL,P235/65R16,2356516,Passenger,False
9,39,0,-399,,1,$399 (reg $438),Save $39 per tire!,116,9,39,0,1,Yes,110116010,GEOLANDAR X-AT,0,438,399,3,0,https://cdn.worldvectorlogo.com/logos/yokohama-logo.svg,Yokohama,35X12.50R18,35125018,Passenger,False
9,23,0,-251,,1,$251 (reg $275),Save $23 per tire!,70,9,23,0,1,Yes,110110549,ADVAN SPORT V105,0,275,251,3,0,https://cdn.worldvectorlogo.com/logos/yokohama-logo.svg,Yokohama,225/40ZR19 (93Y) XL,2254019(93),Passenger,False
39,119,54,216,üí∞ GREAT DEAL,4,$186 (reg $305),Save $119 per tire!,357,39,119,1,1,Yes,1012102,H426,402,305,186,3,0,https://upload.wikimedia.org/wikipedia/commons/thumb/c/cd/Hankook_Logo_2024.svg/2560px-Hankook_Logo_2024.svg.png,HANKOOK,P245/45R18V,2454518,Passenger,False
16,36,29,78,üíµ ON SALE,2,$193 (reg $229),Save $36 per tire!,108,16,36,0,1,Yes,84645,PRIMACY MXM4,271,229,193,3,0,https://michelinmedia.com/site/user/images/Michelin_Corporate_Logo___color.jpg,MICHELIN,235/45R17/XL,2354517,Passenger,False
9,28,0,-293,,1,$293 (reg $322),Save $28 per tire!,228,9,28,0,1,Yes,110101683,Geolandar A/T G015,0,322,293,8,0,https://cdn.worldvectorlogo.com/logos/yokohama-logo.svg,Yokohama,LT265/60R18,2656018,ALL WEATHER LT,False
14,61,0,-364,üíµ ON SALE,2,$364 (reg $425),Save $61 per tire!,489,14,61,0,1,Yes,110116034,GEOLANDAR X-AT,0,425,364,8,0,https://cdn.worldvectorlogo.com/logos/yokohama-logo.svg,Yokohama,33X12.50R18,33125018,Passenger,False
29,93,41,160,‚≠ê GOOD DEAL,3,$234 (reg $327),Save $93 per tire!,747,29,93,0,1,Yes,50153,Trail-Terrain T/A,394,327,234,8,0,https://upload.wikimedia.org/wikipedia/commons/a/ac/Logo_bfgoodrich.jpg,BFG,285/60R18,2856018,ALL WEATHER PASSENGER,False
12,31,38,140,üíµ ON SALE,2,$232 (reg $263),Save $31 per tire!,184,12,31,0,1,Yes,2289883,AT52,372,263,232,6,0,https://upload.wikimedia.org/wikipedia/commons/thumb/6/67/Kumho_Tire_logo_%282023%29.svg/2560px-Kumho_Tire_logo_%282023%29.svg.png,KUMHO,LT285/75R16,2857516,ALL WEATHER LT,False
4,7,17,35,,1,$167 (reg $174),Save $7 per tire!,54,4,7,0,1,Yes,41366,Tiger Paw Touring A/S,202,174,167,8,0,https://lirp.cdn-website.com/f295dd4f/dms3rep/multi/opt/Uniroyal_Logo-640w.png,UNIROYAL,235/45R17,2354517,Passenger,False
18,70,42,228,üíµ ON SALE,2,$312 (reg $382),Save $70 per tire!,562,18,70,0,1,Yes,2262553,MT71,540,382,312,8,0,https://upload.wikimedia.org/wikipedia/commons/thumb/6/67/Kumho_Tire_logo_%282023%29.svg/2560px-Kumho_Tire_logo_%282023%29.svg.png,KUMHO,LT35X12.50R20,35125020,Light Truck,False
28,121,39,202,‚≠ê GOOD DEAL,3,$318 (reg $440),Save $121 per tire!,972,28,121,0,1,Yes,34499,CROSSCLIMATE SUV HV,520,440,318,8,0,https://michelinmedia.com/site/user/images/Michelin_Corporate_Logo___color.jpg,MICHELIN,275/55R19,2755519,ALL WEATHER PASSENGER,False
16,54,30,122,üíµ ON SALE,2,$279 (reg $333),Save $54 per tire!,434,16,54,0,1,Yes,08164,Trail-Terrain T/A,401,333,279,8,0,https://upload.wikimedia.org/wikipedia/commons/a/ac/Logo_bfgoodrich.jpg,BFG,P285/70R17,2857017,ALL WEATHER PASSENGER,False
9,36,0,-375,,1,$375 (reg $411),Save $36 per tire!,291,9,36,0,1,Yes,110116015,GEOLANDAR X-AT,0,411,375,8,0,https://cdn.worldvectorlogo.com/logos/yokohama-logo.svg,Yokohama,LT295/70R18,2957018,Light Truck,False
11,17,0,-136,üíµ ON SALE,2,$136 (reg $153),Save $17 per tire!,133,11,17,0,1,Yes,110133506,Avid S33B,0,153,136,8,0,https://cdn.worldvectorlogo.com/logos/yokohama-logo.svg,Yokohama,225/65R16,2256516,Passenger,False
0,0,31,95,,1,$213,,0,0,0,0,1,Yes,2020462,LD01,308,213,213,7,0,,Laufenn,LT265/75R16,2657516,Light Truck,False
16,42,27,86,üíµ ON SALE,2,$226 (reg $269),Save $42 per tire!,337,16,42,0,1,Yes,09103,Tiger Paw Touring A/S,312,269,226,8,0,https://lirp.cdn-website.com/f295dd4f/dms3rep/multi/opt/Uniroyal_Logo-640w.png,UNIROYAL,245/50R18,2455018,Passenger,False
15,22,50,129,üíµ ON SALE,2,$131 (reg $153),Save $22 per tire!,180,15,22,0,1,Yes,15509360000,PureContact LS,260,153,131,8,0,https://1000logos.net/wp-content/uploads/2022/11/Continental-Logo.png,CONTINENTAL,195/55R16,1955516,Passenger,False
10,29,24,82,üíµ ON SALE,2,$261 (reg $290),Save $29 per tire!,236,10,29,0,1,Yes,37625,ADVANTAGE T/A SPORT LT,343,290,261,8,0,https://upload.wikimedia.org/wikipedia/commons/a/ac/Logo_bfgoodrich.jpg,BFG,255/55R18/XL,2555518,ALL WEATHER PASSENGER,False
13,28,28,69,üíµ ON SALE,2,$179 (reg $206),Save $28 per tire!,223,13,28,0,1,Yes,06472,DEFENDER (H),248,206,179,8,0,https://michelinmedia.com/site/user/images/Michelin_Corporate_Logo___color.jpg,MICHELIN,235/60R16,2356016,Passenger,False
7,9,48,106,,1,$115 (reg $124),Save $9 per tire!,72,7,9,0,1,Yes,K836940,ATLAS,221,124,115,8,0,https://www.atvstore.com.au/assets/webshop/cms/06/5406.png?1649739533,FORERUNNER,AT26X9-14,26914,Lawn/Garden/Trailer Tires,False
24,56,57,229,‚≠ê GOOD DEAL,3,$173 (reg $229),Save $56 per tire!,448,24,56,0,1,Yes,15509920000,CrossContact LX25,402,229,173,8,0,https://1000logos.net/wp-content/uploads/2022/11/Continental-Logo.png,CONTINENTAL,235/70R16,2357016,Passenger,False
21,36,44,107,‚≠ê GOOD DEAL,3,$135 (reg $172),Save $36 per tire!,218,21,36,0,1,Yes,2230473,WS71,243,172,135,6,0,https://upload.wikimedia.org/wikipedia/commons/thumb/6/67/Kumho_Tire_logo_%282023%29.svg/2560px-Kumho_Tire_logo_%282023%29.svg.png,KUMHO,235/60R17,2356017,Passenger - Winter,True
19,103,33,221,üíµ ON SALE,2,$440 (reg $543),Save $103 per tire!,616,19,103,0,1,Yes,12201,ALL TERRAIN TA KO2,661,543,440,6,0,https://upload.wikimedia.org/wikipedia/commons/a/ac/Logo_bfgoodrich.jpg,BFG,LT325/60R20/E,3256020,ALL WEATHER LT,False
13,25,50,173,üíµ ON SALE,2,$170 (reg $196),Save $25 per tire!,152,13,25,0,1,Yes,15482660000,ContiProContact,343,196,170,6,0,https://1000logos.net/wp-content/uploads/2022/11/Continental-Logo.png,CONTINENTAL,215/50R17,2155017,Performance,False
6,34,23,174,,1,$584 (reg $618),Save $34 per tire!,205,6,34,0,1,Yes,65637,LATITUDE SPORT 3,758,618,584,6,0,https://michelinmedia.com/site/user/images/Michelin_Corporate_Logo___color.jpg,MICHELIN,295/35R21/XL,2953521,Passenger,False
-43,-186,-5,-29,,1,$614,,-1117,-43,-186,0,1,Yes,3003582,DH35,585,428,614,6,0,https://upload.wikimedia.org/wikipedia/commons/thumb/c/cd/Hankook_Logo_2024.svg/2560px-Hankook_Logo_2024.svg.png,HANKOOK,245/70R19.5 16PR,2457019516,Medium Truck,False
20,26,43,80,‚≠ê GOOD DEAL,3,$106 (reg $132),Save $26 per tire!,155,20,26,0,1,Yes,2100333,121,186,132,106,6,0,https://upload.wikimedia.org/wikipedia/commons/thumb/6/67/Kumho_Tire_logo_%282023%29.svg/2560px-Kumho_Tire_logo_%282023%29.svg.png,KUMHO,T135/80R18,1358018,Passenger,False
4,7,0,-183,,1,$183 (reg $190),Save $7 per tire!,40,4,7,0,1,Yes,110140618,ADVAN SPORT A/S+,0,190,183,6,0,https://cdn.worldvectorlogo.com/logos/yokohama-logo.svg,Yokohama,225/50R17,2255017,Passenger,False
12,40,27,109,üíµ ON SALE,2,$288 (reg $328),Save $40 per tire!,239,12,40,0,1,Yes,17795,COMMERCIAL T/A A/S 2,397,328,288,6,0,https://upload.wikimedia.org/wikipedia/commons/a/ac/Logo_bfgoodrich.jpg,BFG,LT265/70R17/E,2657017,Light Truck,False
8,11,48,124,,1,$133 (reg $144),Save $11 per tire!,66,8,11,0,1,Yes,K845020,VULCAN,258,144,133,6,0,https://www.atvstore.com.au/assets/webshop/cms/06/5406.png?1649739533,FORERUNNER,AT25x10-12,251012,Lawn/Garden/Trailer Tires,False
7,6,48,71,,1,$77 (reg $83),Save $6 per tire!,35,7,6,0,1,Yes,K830190,MIDAS,149,83,77,6,0,https://www.atvstore.com.au/assets/webshop/cms/06/5406.png?1649739533,FORERUNNER,AT20x11-9,20119,Lawn/Garden/Trailer Tires,False
5,9,38,103,,1,$171 (reg $180),Save $9 per tire!,64,5,9,0,1,Yes,1024960,H750,274,180,171,7,0,https://upload.wikimedia.org/wikipedia/commons/thumb/c/cd/Hankook_Logo_2024.svg/2560px-Hankook_Logo_2024.svg.png,HANKOOK,215/45R17W XL,2154517,ALL WEATHER PASSENGER,False
31,129,41,194,üí∞ GREAT DEAL,4,$281 (reg $410),Save $129 per tire!,1550,31,129,1,1,Yes,05791,AGILIS CROSSCLIMATE,475,410,281,12,0,https://michelinmedia.com/site/user/images/Michelin_Corporate_Logo___color.jpg,MICHELIN,LT265/70R18/E,2657018,ALL WEATHER PASSENGER,False
11,21,49,165,üíµ ON SALE,2,$171 (reg $192),Save $21 per tire!,105,11,21,0,1,Yes,15572830000,ExtremeContact DWS06 PLUS,336,192,171,5,0,https://1000logos.net/wp-content/uploads/2022/11/Continental-Logo.png,CONTINENTAL,225/55ZR17,2255517,Passenger,False
13,32,51,215,üíµ ON SALE,2,$207 (reg $240),Save $32 per tire!,225,13,32,0,1,Yes,110101516,Geolandar A/T G015,422,240,207,7,0,https://cdn.worldvectorlogo.com/logos/yokohama-logo.svg,Yokohama,P265/70R16,2657016,ALL WEATHER PASSENGER,False
4,10,43,192,,1,$256 (reg $266),Save $10 per tire!,130,4,10,0,1,Yes,04507630000,Grabber A/TX,448,266,256,13,0,https://upload.wikimedia.org/wikipedia/en/thumb/e/ea/General_Tire_logo.svg/1280px-General_Tire_logo.svg.png,GENERAL,265/70R17,2657017,ALL WEATHER PASSENGER,False
6,9,0,-135,,1,$135 (reg $144),Save $9 per tire!,63,6,9,0,1,Yes,110132714,AVID ASCEND GT,0,144,135,7,0,https://cdn.worldvectorlogo.com/logos/yokohama-logo.svg,Yokohama,205/65R16,2056516,Passenger,False
7,15,21,55,,1,$206 (reg $221),Save $15 per tire!,365,7,15,0,1,Yes,78472,DEFENDER2 (CUV),261,221,206,24,0,https://michelinmedia.com/site/user/images/Michelin_Corporate_Logo___color.jpg,MICHELIN,225/60R17,2256017,Passenger,False
3,7,18,51,,1,$230 (reg $238),Save $7 per tire!,369,3,7,0,1,Yes,13153,CROSSCLIMATE2 A/W CUV,281,238,230,51,0,https://michelinmedia.com/site/user/images/Michelin_Corporate_Logo___color.jpg,MICHELIN,225/65R17,2256517,ALL WEATHER PASSENGER,False
17,55,30,114,üíµ ON SALE,2,$270 (reg $325),Save $55 per tire!,771,17,55,0,1,Yes,33703,CROSSCLIMATE2 A/W,384,325,270,14,0,https://michelinmedia.com/site/user/images/Michelin_Corporate_Logo___color.jpg,MICHELIN,245/45R17/XL,2454517,ALL WEATHER PASSENGER,False
15,26,0,-145,üíµ ON SALE,2,$145 (reg $171),Save $26 per tire!,184,15,26,0,1,Yes,110105812,GEOLANDAR CV G058,0,171,145,7,0,https://cdn.worldvectorlogo.com/logos/yokohama-logo.svg,Yokohama,215/65R17,2156517,Passenger,False
0,0,32,61,,1,$131,,0,0,0,0,1,Yes,2282093,HT51,192,131,131,8,0,https://upload.wikimedia.org/wikipedia/commons/thumb/6/67/Kumho_Tire_logo_%282023%29.svg/2560px-Kumho_Tire_logo_%282023%29.svg.png,KUMHO,LT185/60R15,1856015,ALL WEATHER LT,False
16,25,29,55,üíµ ON SALE,2,$135 (reg $161),Save $25 per tire!,303,16,25,0,1,Yes,00555,Advantage Control,190,161,135,12,0,https://upload.wikimedia.org/wikipedia/commons/a/ac/Logo_bfgoodrich.jpg,BFG,205/60R16,2056016,Passenger,False
23,19,0,-64,‚≠ê GOOD DEAL,3,$64 (reg $83),Save $19 per tire!,269,23,19,0,1,Yes,50.4347.4309,ED+,0,83,64,14,0,,CAMSO,5.00 - 8,5008,Industrial Solid,False
2,4,44,133,,1,$168 (reg $172),Save $4 per tire!,85,2,4,0,1,Yes,15574730000,Altimax 365AW,301,172,168,23,0,https://upload.wikimedia.org/wikipedia/en/thumb/e/ea/General_Tire_logo.svg/1280px-General_Tire_logo.svg.png,GENERAL,205/50R17,2055017,ALL WEATHER PASSENGER,False
15,14,62,129,üíµ ON SALE,2,$78 (reg $92),Save $14 per tire!,222,15,14,0,1,Yes,X47505,RTX STEEL,207,92,78,16,0,https://rtxwheels.com/cdn/shop/files/logo.png?height=628&pad_color=ffffff&v=1680068013&width=1200,RTX,17x7 5x105 ET42 CB56.6,177510542566,Wheels - Steel,False
16,37,52,209,üíµ ON SALE,2,$191 (reg $228),Save $37 per tire!,257,16,37,0,1,Yes,15491450000,CrossContact LX25,400,228,191,7,0,https://1000logos.net/wp-content/uploads/2022/11/Continental-Logo.png,CONTINENTAL,235/55R18,2355518,Passenger,False
27,61,52,179,‚≠ê GOOD DEAL,3,$165 (reg $227),Save $61 per tire!,551,27,61,0,1,Yes,1019371,H436B,344,227,165,9,0,https://upload.wikimedia.org/wikipedia/commons/thumb/c/cd/Hankook_Logo_2024.svg/2560px-Hankook_Logo_2024.svg.png,HANKOOK,225/60R18H,2256018,Passenger,False
10,30,24,83,üíµ ON SALE,2,$261 (reg $291),Save $30 per tire!,148,10,30,0,1,Yes,77919,Advantage Control,344,291,261,5,0,https://upload.wikimedia.org/wikipedia/commons/a/ac/Logo_bfgoodrich.jpg,BFG,245/50R18,2455018,Passenger,False
22,56,34,101,‚≠ê GOOD DEAL,3,$195 (reg $250),Save $56 per tire!,838,22,56,0,1,Yes,00953,DEFENDER2 (H),296,250,195,15,0,https://michelinmedia.com/site/user/images/Michelin_Corporate_Logo___color.jpg,MICHELIN,205/50R17/XL,2055017,Passenger,False
8,17,0,-195,,1,$195 (reg $211),Save $17 per tire!,583,8,17,0,1,Yes,110115345,ICEGUARD IG53,0,211,195,35,0,https://cdn.worldvectorlogo.com/logos/yokohama-logo.svg,Yokohama,225/45R18,2254518,Passenger - Winter,True
18,71,42,230,üíµ ON SALE,2,$314 (reg $385),Save $71 per tire!,496,18,71,0,1,Yes,2262513,MT71,545,385,314,7,0,https://upload.wikimedia.org/wikipedia/commons/thumb/6/67/Kumho_Tire_logo_%282023%29.svg/2560px-Kumho_Tire_logo_%282023%29.svg.png,KUMHO,LT33X12.50R18,33125018,Light Truck,False
24,74,0,-240,‚≠ê GOOD DEAL,3,$240 (reg $313),Save $74 per tire!,368,24,74,0,1,Yes,50.398.394,HALT,0,313,240,5,0,,CAMSO,28X9-15,28915,Industrial Solid,False
10,36,24,105,üíµ ON SALE,2,$326 (reg $362),Save $36 per tire!,255,10,36,0,1,Yes,33533,DEFENDER LTX M/S,431,362,326,7,0,https://michelinmedia.com/site/user/images/Michelin_Corporate_Logo___color.jpg,MICHELIN,LT285/70R17/E,2857017,Light Truck,False
13,27,50,182,üíµ ON SALE,2,$180 (reg $206),Save $27 per tire!,187,13,27,0,1,Yes,15449930000,ContiProContact,362,206,180,7,0,https://1000logos.net/wp-content/uploads/2022/11/Continental-Logo.png,CONTINENTAL,235/45R17,2354517,Performance,False
9,10,49,99,,1,$102 (reg $113),Save $10 per tire!,356,9,10,0,1,Yes,K836840,ATLAS,201,113,102,35,0,https://www.atvstore.com.au/assets/webshop/cms/06/5406.png?1649739533,FORERUNNER,AT26x8-14,26814,Lawn/Garden/Trailer Tires,False
22,119,34,218,‚≠ê GOOD DEAL,3,$428 (reg $547),Save $119 per tire!,1424,22,119,0,1,Yes,17745,CROSSCLIMATE2 A/W CUV,646,547,428,12,0,https://michelinmedia.com/site/user/images/Michelin_Corporate_Logo___color.jpg,MICHELIN,285/40R20/XL,2854020,ALL WEATHER PASSENGER,False
13,40,0,-257,üíµ ON SALE,2,$257 (reg $297),Save $40 per tire!,198,13,40,0,1,Yes,110116028,GEOLANDAR X-AT,0,297,257,5,0,https://cdn.worldvectorlogo.com/logos/yokohama-logo.svg,Yokohama,LT265/65R17,2656517,Light Truck,False
14,83,30,216,üíµ ON SALE,2,$504 (reg $587),Save $83 per tire!,580,14,83,0,1,Yes,50352,PILOT SPORT 4 S,720,587,504,7,0,https://michelinmedia.com/site/user/images/Michelin_Corporate_Logo___color.jpg,MICHELIN,275/30ZR20/XL,2753020,Performance,False
13,11,62,114,üíµ ON SALE,2,$68 (reg $79),Save $11 per tire!,2715,13,11,0,1,Yes,X46656,RTX STEEL,182,79,68,258,0,https://rtxwheels.com/cdn/shop/files/logo.png?height=628&pad_color=ffffff&v=1680068013&width=1200,RTX,16x6.5 5x105 ET39 CB56.6,1665510539566,Wheels - Steel,False
13,34,50,230,üíµ ON SALE,2,$227 (reg $261),Save $34 per tire!,510,13,34,0,1,Yes,15498480000,CrossContact LX Sport,457,261,227,15,0,https://1000logos.net/wp-content/uploads/2022/11/Continental-Logo.png,CONTINENTAL,235/60R18,2356018,Passenger,False
15,25,50,141,üíµ ON SALE,2,$143 (reg $168),Save $25 per tire!,442,15,25,0,1,Yes,15571180000,PureContact LS,284,168,143,18,0,https://1000logos.net/wp-content/uploads/2022/11/Continental-Logo.png,CONTINENTAL,215/55R16,2155516,Passenger,False
5,10,47,155,,1,$175 (reg $185),Save $10 per tire!,214,5,10,0,1,Yes,K839146,VICTORY,331,185,175,22,0,https://www.atvstore.com.au/assets/webshop/cms/06/5406.png?1649739533,FORERUNNER,AT29X11-14,291114,Lawn/Garden/Trailer Tires,False
12,28,50,206,üíµ ON SALE,2,$208 (reg $236),Save $28 per tire!,497,12,28,0,1,Yes,15491380000,CrossContact LX25,414,236,208,18,0,https://1000logos.net/wp-content/uploads/2022/11/Continental-Logo.png,CONTINENTAL,235/60R18,2356018,Passenger,False
4,8,45,157,,1,$188 (reg $197),Save $8 per tire!,156,4,8,0,1,Yes,15574890000,Altimax 365AW,345,197,188,19,0,https://upload.wikimedia.org/wikipedia/en/thumb/e/ea/General_Tire_logo.svg/1280px-General_Tire_logo.svg.png,GENERAL,235/45R17,2354517,ALL WEATHER PASSENGER,False
9,37,0,-377,,1,$377 (reg $414),Save $37 per tire!,659,9,37,0,1,Yes,110116022,GEOLANDAR X-AT,0,414,377,18,0,https://cdn.worldvectorlogo.com/logos/yokohama-logo.svg,Yokohama,LT275/65R20,2756520,Light Truck,False
16,35,0,-181,üíµ ON SALE,2,$181 (reg $216),Save $35 per tire!,834,16,35,0,1,Yes,110115346,ICEGUARD IG53,0,216,181,24,0,https://cdn.worldvectorlogo.com/logos/yokohama-logo.svg,Yokohama,225/50R18,2255018,Passenger - Winter,True
7,14,0,-180,,1,$180 (reg $194),Save $14 per tire!,144,7,14,0,1,Yes,B301621,BT957,0,194,180,10,0,https://be.fitandfix.com/media/brands/1681305666170.png,BOTO,235/75R17.5-16,2357517516,Medium Truck,False
22,49,34,88,‚≠ê GOOD DEAL,3,$167 (reg $216),Save $49 per tire!,874,22,49,0,1,Yes,69099,DEFENDER2 (H),255,216,167,18,0,https://michelinmedia.com/site/user/images/Michelin_Corporate_Logo___color.jpg,MICHELIN,205/65R16,2056516,Passenger,False
9,7,0,-73,,1,$73 (reg $80),Save $7 per tire!,295,9,7,0,1,Yes,H101955515,PMS01,0,80,73,41,0,,HEADWAY,195/55R15,1955515,ALL WEATHER PASSENGER,False
13,9,62,104,üíµ ON SALE,2,$63 (reg $73),Save $9 per tire!,1923,13,9,0,1,Yes,X99123N,RTX STEEL,168,73,63,209,0,https://rtxwheels.com/cdn/shop/files/logo.png?height=628&pad_color=ffffff&v=1680068013&width=1200,RTX,15x6 4x100 ET45 CB57.1,156410045571,Wheels - Steel,False
12,8,62,104,üíµ ON SALE,2,$63 (reg $72),Save $8 per tire!,1260,12,8,0,1,Yes,X99130N,RTX STEEL,168,72,63,149,0,https://rtxwheels.com/cdn/shop/files/logo.png?height=628&pad_color=ffffff&v=1680068013&width=1200,RTX,15x6 5x100 ET38 CB57.1,156510038571,Wheels - Steel,False
13,21,53,163,üíµ ON SALE,2,$145 (reg $167),Save $21 per tire!,1130,13,21,0,1,Yes,B608680,BV11+,309,167,145,53,0,https://be.fitandfix.com/media/brands/1681305666170.png,BOTO,285/60R18,2856018,Passenger,False
2,3,45,122,,1,$148 (reg $152),Save $3 per tire!,52,2,3,0,1,Yes,K311931,QH621,271,152,148,16,0,https://www.atvstore.com.au/assets/webshop/cms/06/5406.png?1649739533,FORERUNNER,11L-15TL,1115,Farm Tires,False
18,57,31,113,üíµ ON SALE,2,$254 (reg $310),Save $57 per tire!,1303,18,57,0,1,Yes,12602,LATITUDE ALPIN LA2,367,310,254,23,0,https://michelinmedia.com/site/user/images/Michelin_Corporate_Logo___color.jpg,MICHELIN,255/55R18/XL,2555518,Passenger - Winter,True
16,49,29,103,üíµ ON SALE,2,$247 (reg $296),Save $49 per tire!,244,16,49,0,1,Yes,38080,Advantage Control,350,296,247,5,0,https://upload.wikimedia.org/wikipedia/commons/a/ac/Logo_bfgoodrich.jpg,BFG,255/55R18/XL,2555518,Passenger,False
15,29,50,165,üíµ ON SALE,2,$167 (reg $196),Save $29 per tire!,201,15,29,0,1,Yes,15508370000,PureContact LS,332,196,167,7,0,https://1000logos.net/wp-content/uploads/2022/11/Continental-Logo.png,CONTINENTAL,235/45R17,2354517,Passenger,False
15,19,51,117,üíµ ON SALE,2,$113 (reg $133),Save $19 per tire!,331,15,19,0,1,Yes,15571170000,PureContact LS,230,133,113,17,0,https://1000logos.net/wp-content/uploads/2022/11/Continental-Logo.png,CONTINENTAL,195/65R15,1956515,Passenger,False
16,17,62,144,üíµ ON SALE,2,$89 (reg $107),Save $17 per tire!,2804,16,17,0,1,Yes,X99441N,RTX STEEL,234,107,89,163,0,https://rtxwheels.com/cdn/shop/files/logo.png?height=628&pad_color=ffffff&v=1680068013&width=1200,RTX,17X7 6-139.7 14 106CB,1776139714106,Wheels - Steel,False
27,32,0,-89,‚≠ê GOOD DEAL,3,$89 (reg $122),Save $32 per tire!,3202,27,32,0,1,Yes,TR724086B,STR,0,122,89,99,0,,TRANSPORTER,ST225/75R15,2257515,Lawn/Garden/Trailer Tires,False
7,13,55,206,,1,$167 (reg $180),Save $13 per tire!,2665,7,13,0,1,Yes,TR311100,BT215,374,180,167,211,0,,TRANSPORTER,ST235/85R16,2358516,Lawn/Garden/Trailer Tires,False
7,10,50,133,,1,$135 (reg $145),Save $10 per tire!,473,7,10,0,1,Yes,B586675,SASQUA H/T,269,145,135,49,0,https://be.fitandfix.com/media/brands/1681305666170.png,BOTO,265/65R17,2656517,Passenger,False
27,445,0,-1229,‚≠ê GOOD DEAL,3,"$1,229 (reg $1,674)",Save $445 per tire!,3118,27,445,0,1,Yes,B101012,GCB3,0,1674,1229,7,0,https://be.fitandfix.com/media/brands/1681305666170.png,BOTO,14.00R24,140024,O.T.R.,False
17,26,0,-124,üíµ ON SALE,2,$124 (reg $150),Save $26 per tire!,5926,17,26,0,1,Yes,TR724090B,STR,0,150,124,228,0,,TRANSPORTER,ST235/80R16 E,2358016,Lawn/Garden/Trailer Tires,False
8,16,50,173,,1,$175 (reg $191),Save $16 per tire!,431,8,16,0,1,Yes,B301521,BT926,348,191,175,27,0,https://be.fitandfix.com/media/brands/1681305666170.png,BOTO,235/75R17.5-16 132/129,2357517516132129,Medium Truck,False
7,14,49,192,,1,$202 (reg $217),Save $14 per tire!,304,7,14,0,1,Yes,B301531,BT926,394,217,202,21,0,https://be.fitandfix.com/media/brands/1681305666170.png,BOTO,245/70R19.5-14 133/131,2457019514133131,Medium Truck,False
15,14,62,129,üíµ ON SALE,2,$78 (reg $92),Save $14 per tire!,1789,15,14,0,1,Yes,X47556,RTX STEEL,207,92,78,129,0,https://rtxwheels.com/cdn/shop/files/logo.png?height=628&pad_color=ffffff&v=1680068013&width=1200,RTX,17x7 5x100 ET44 CB56.1,177510044561,Wheels - Steel,False
0,0,46,188,,1,$221,,0,0,0,0,1,Yes,B572877,X-TERRAIN BA80+,409,221,221,102,0,https://be.fitandfix.com/media/brands/1681305666170.png,BOTO,LT285/70R17 10R (3MSF),285701710(3),ALL WEATHER LT,False
13,11,62,114,üíµ ON SALE,2,$68 (reg $79),Save $11 per tire!,1284,13,11,0,1,Yes,X99127N,RTX STEEL,182,79,68,122,0,https://rtxwheels.com/cdn/shop/files/logo.png?height=628&pad_color=ffffff&v=1680068013&width=1200,RTX,16x6.5 5x112 ET50 CB57.1,1665511250571,Wheels - Steel,False
15,34,50,195,üíµ ON SALE,2,$198 (reg $232),Save $34 per tire!,238,15,34,0,1,Yes,03594630000,CrossContact ATR,393,232,198,7,0,https://1000logos.net/wp-content/uploads/2022/11/Continental-Logo.png,CONTINENTAL,225/65R17,2256517,Passenger,False
13,15,51,105,üíµ ON SALE,2,$100 (reg $115),Save $15 per tire!,524,13,15,0,1,Yes,K816940,KNIGHT,205,115,100,36,0,https://www.atvstore.com.au/assets/webshop/cms/06/5406.png?1649739533,FORERUNNER,AT26X9-14,26914,Lawn/Garden/Trailer Tires,False
0,0,46,100,,1,$117,,0,0,0,0,1,Yes,B564322,SPORTSTAR BH19,217,117,117,18,0,https://be.fitandfix.com/media/brands/1681305666170.png,BOTO,245/30ZR22,2453022,Performance,False
22,72,59,374,‚≠ê GOOD DEAL,3,$259 (reg $331),Save $72 per tire!,1300,22,72,0,1,Yes,B312135,BT556,633,331,259,18,0,https://be.fitandfix.com/media/brands/1681305666170.png,BOTO,11R22.5,11225,Medium Truck,False
33,120,44,195,üí∞ GREAT DEAL,4,$249 (reg $369),Save $120 per tire!,1325,33,120,1,1,Yes,04785,ALL TERRAIN TA KO2,444,369,249,11,0,https://upload.wikimedia.org/wikipedia/commons/a/ac/Logo_bfgoodrich.jpg,BFG,LT255/55R18/D,2555518,ALL WEATHER LT,False
21,32,44,93,‚≠ê GOOD DEAL,3,$117 (reg $149),Save $32 per tire!,573,21,32,0,1,Yes,2232783,WS31,211,149,117,18,0,https://upload.wikimedia.org/wikipedia/commons/thumb/6/67/Kumho_Tire_logo_%282023%29.svg/2560px-Kumho_Tire_logo_%282023%29.svg.png,KUMHO,225/60R17,2256017,Passenger - Winter,True
6,10,49,145,,1,$149 (reg $159),Save $10 per tire!,340,6,10,0,1,Yes,B608520,BV11+,295,159,149,35,0,https://be.fitandfix.com/media/brands/1681305666170.png,BOTO,285/50R20,2855020,Passenger,False
12,37,38,166,üíµ ON SALE,2,$277 (reg $314),Save $37 per tire!,183,12,37,0,1,Yes,2289953,AT52,443,314,277,5,0,https://upload.wikimedia.org/wikipedia/commons/thumb/6/67/Kumho_Tire_logo_%282023%29.svg/2560px-Kumho_Tire_logo_%282023%29.svg.png,KUMHO,LT265/60R20,2656020,ALL WEATHER LT,False
10,6,58,81,üíµ ON SALE,2,$58 (reg $65),Save $6 per tire!,428,10,6,0,1,Yes,X99148N,RTX STEEL,139,65,58,67,0,https://rtxwheels.com/cdn/shop/files/logo.png?height=628&pad_color=ffffff&v=1680068013&width=1200,RTX,14x5.5 4x100 ET45 CB57.1,1455410045571,Wheels - Steel,False
-1,-1,43,131,,1,$173,,-31,-1,-1,0,1,Yes,110105816,GEOLANDAR CV G058,304,173,173,33,0,https://cdn.worldvectorlogo.com/logos/yokohama-logo.svg,Yokohama,225/65R17,2256517,Passenger,False
40,2,70,8,üî• HUGE SAVINGS,5,$3 (reg $6),Save $2 per tire!,23,40,2,1,1,Yes,320100,,11,6,3,10,1,https://utvsportsmag.com/wp-content/uploads/2023/10/Carlisle-Tire-Logo.jpg,CARLISLE,4.10/3.50-4,4103504,Flaps & Tubes,False
13,19,37,75,üíµ ON SALE,2,$127 (reg $147),Save $19 per tire!,351,13,19,0,1,Yes,1020343,W616,202,147,127,18,0,https://upload.wikimedia.org/wikipedia/commons/thumb/c/cd/Hankook_Logo_2024.svg/2560px-Hankook_Logo_2024.svg.png,HANKOOK,205/60R16 4pr 92T,2056016492,Passenger - Winter,True
16,34,52,195,üíµ ON SALE,2,$179 (reg $213),Save $34 per tire!,476,16,34,0,1,Yes,15447860000,CrossContact LX25,374,213,179,14,0,https://1000logos.net/wp-content/uploads/2022/11/Continental-Logo.png,CONTINENTAL,235/65R17,2356517,Passenger,False
7,7,48,82,,1,$89 (reg $95),Save $7 per tire!,34,7,7,0,1,Yes,K832190,MIDAS,170,95,89,5,0,https://www.atvstore.com.au/assets/webshop/cms/06/5406.png?1649739533,FORERUNNER,AT22x11-9,22119,Lawn/Garden/Trailer Tires,False
8,10,48,107,,1,$114 (reg $123),Save $10 per tire!,114,8,10,0,1,Yes,K845820,VULCAN,220,123,114,12,0,https://www.atvstore.com.au/assets/webshop/cms/06/5406.png?1649739533,FORERUNNER,AT25x8-12,25812,Lawn/Garden/Trailer Tires,False
39,7,70,25,üí∞ GREAT DEAL,4,$11 (reg $18),Save $7 per tire!,164,39,7,1,1,Yes,323840,,36,18,11,23,0,https://utvsportsmag.com/wp-content/uploads/2023/10/Carlisle-Tire-Logo.jpg,CARLISLE,6.50-10,65010,Flaps & Tubes,
13,26,38,101,üíµ ON SALE,2,$167 (reg $193),Save $26 per tire!,570,13,26,0,1,Yes,1023657,RW10,268,193,167,22,0,https://upload.wikimedia.org/wikipedia/commons/thumb/c/cd/Hankook_Logo_2024.svg/2560px-Hankook_Logo_2024.svg.png,HANKOOK,235/60R17 102T,2356017102,Passenger - Winter,True
11,47,28,141,üíµ ON SALE,2,$369 (reg $416),Save $47 per tire!,235,11,47,0,1,Yes,09483,LATITUDE TOUR HP,510,416,369,5,0,https://michelinmedia.com/site/user/images/Michelin_Corporate_Logo___color.jpg,MICHELIN,255/50R19/XL,2555019,Passenger,False
7,11,48,139,,1,$152 (reg $163),Save $11 per tire!,130,7,11,0,1,Yes,K839946,VICTORY,292,163,152,12,0,https://www.atvstore.com.au/assets/webshop/cms/06/5406.png?1649739533,FORERUNNER,AT29x9-14,29914,Lawn/Garden/Trailer Tires,False
15,21,52,131,üíµ ON SALE,2,$118 (reg $140),Save $21 per tire!,400,15,21,0,1,Yes,K846920,VULCAN,249,140,118,19,0,https://www.atvstore.com.au/assets/webshop/cms/06/5406.png?1649739533,FORERUNNER,AT26X9-12,26912,Lawn/Garden/Trailer Tires,False
15,14,62,129,üíµ ON SALE,2,$78 (reg $92),Save $14 per tire!,4355,15,14,0,1,Yes,X47527,RTX STEEL,207,92,78,314,0,https://rtxwheels.com/cdn/shop/files/logo.png?height=628&pad_color=ffffff&v=1680068013&width=1200,RTX,17x7 5x127 ET40 CB71.5,177512740715,Wheels - Steel,False
7,5,48,71,,1,$78 (reg $83),Save $5 per tire!,492,7,5,0,1,Yes,K825820,MARS A,148,83,78,90,0,https://www.atvstore.com.au/assets/webshop/cms/06/5406.png?1649739533,FORERUNNER,AT25x8-12,25812,Lawn/Garden/Trailer Tires,False
2,2,45,79,,1,$95 (reg $98),Save $2 per tire!,191,2,2,0,1,Yes,K825020,MARS A,175,98,95,85,0,https://www.atvstore.com.au/assets/webshop/cms/06/5406.png?1649739533,FORERUNNER,AT25x10-12,251012,Lawn/Garden/Trailer Tires,False
2,3,0,-161,,1,$161 (reg $163),Save $3 per tire!,14,2,3,0,1,Yes,110132816,AVID ASCEND LX,0,163,161,5,0,https://cdn.worldvectorlogo.com/logos/yokohama-logo.svg,Yokohama,225/60R16,2256016,Passenger,False
16,15,64,138,üíµ ON SALE,2,$78 (reg $94),Save $15 per tire!,1856,16,15,0,1,Yes,X47712,RTX STEEL,217,94,78,120,0,https://rtxwheels.com/cdn/shop/files/logo.png?height=628&pad_color=ffffff&v=1680068013&width=1200,RTX,17x7 5x112 ET50 CB57.1,177511250571,Wheels - Steel,False
31,21,70,109,üí∞ GREAT DEAL,4,$46 (reg $68),Save $21 per tire!,22825,31,21,1,1,Yes,X99154N,RTX STEEL,156,68,46,1084,0,https://rtxwheels.com/cdn/shop/files/logo.png?height=628&pad_color=ffffff&v=1680068013&width=1200,RTX,16x6.5 5x114.3 ET40 CB67.1,16655114340671,Wheels - Steel,False
